{
    "curves":  [
                   {
                       "id":  1,
                       "tsIndex":  1,
                       "scIndex":  32,
                       "csIndex":  33,
                       "stIndex":  64,
                       "radius":  1000.000007569799,
                       "spiralLength":  100.0000095095981,
                       "a":  316.22778224972274,
                       "deltaDegrees":  23.052098151037974,
                       "direction":  "L",
                       "thetaSDegrees":  2.8647892263981554,
                       "arcAngleDegrees":  17.322519698241663,
                       "arcLength":  302.33500576450677,
                       "chordResidual":  0,
                       "staTs":  401.48826546844339,
                       "staSc":  501.48825107707955,
                       "staCs":  802.67309799036275,
                       "staSt":  902.6730833366662
                   },
                   {
                       "id":  2,
                       "tsIndex":  65,
                       "scIndex":  96,
                       "csIndex":  97,
                       "stIndex":  128,
                       "radius":  1099.9999624083268,
                       "spiralLength":  99.999982191337367,
                       "a":  331.66244383605516,
                       "deltaDegrees":  36.279528336531961,
                       "direction":  "R",
                       "thetaSDegrees":  2.60435323943228,
                       "arcAngleDegrees":  31.0708218576674,
                       "arcLength":  596.51693660309013,
                       "chordResidual":  0,
                       "staTs":  961.40467377767993,
                       "staSc":  1061.4046618381376,
                       "staCs":  1650.6391877437627,
                       "staSt":  1750.6391765063456
                   },
                   {
                       "id":  3,
                       "tsIndex":  129,
                       "scIndex":  160,
                       "csIndex":  161,
                       "stIndex":  192,
                       "radius":  699.99999438010184,
                       "spiralLength":  99.999989248327779,
                       "a":  264.57511582127239,
                       "deltaDegrees":  87.653747439619892,
                       "direction":  "R",
                       "thetaSDegrees":  4.0925552723444847,
                       "arcAngleDegrees":  79.468636894930924,
                       "arcLength":  970.89254832713232,
                       "chordResidual":  -1.1368683772161603E-13,
                       "staTs":  2552.9998322817391,
                       "staSc":  2652.9998022434156,
                       "staCs":  3547.9197651716286,
                       "staSt":  3647.9197357460471
                   },
                   {
                       "id":  4,
                       "tsIndex":  193,
                       "scIndex":  224,
                       "csIndex":  225,
                       "stIndex":  256,
                       "radius":  999.99999699254477,
                       "spiralLength":  99.9999918680491,
                       "a":  316.22775268357395,
                       "deltaDegrees":  121.58744956158145,
                       "direction":  "L",
                       "thetaSDegrees":  2.8647887513066075,
                       "arcAngleDegrees":  115.85787205896821,
                       "arcLength":  2022.1013257019581,
                       "chordResidual":  -2.2737367544323206E-13,
                       "staTs":  6247.79836572645,
                       "staSc":  6347.7983514146854,
                       "staCs":  8042.578716369665,
                       "staSt":  8142.5787019148647
                   }
               ],
    "curveCount":  4
}
