{
  "curveCount": 4,
  "curves": [
    {
      "id": 1,
      "tsIndex": 1,
      "scIndex": 32,
      "csIndex": 33,
      "stIndex": 64,
      "radius": 999.999948181237,
      "spiralLength": 99.9999854774698,
      "a": 316.22773486143535,
      "deltaDegrees": 23.05209815103798,
      "direction": "L",
      "thetaSDegrees": 2.8647887080640793,
      "arcAngleDegrees": 17.322520734909823,
      "arcLength": 302.33500590253743,
      "chordResidual": 0,
      "staTs": 401.4882654684434,
      "staSc": 501.48825107707955,
      "staCs": 803.823256979617,
      "staSt": 903.8232423259204
    },
    {
      "id": 2,
      "tsIndex": 65,
      "scIndex": 96,
      "csIndex": 97,
      "stIndex": 128,
      "radius": 1099.9999720238527,
      "spiralLength": 99.99998841152058,
      "a": 331.66245560065767,
      "deltaDegrees": 36.27952833653197,
      "direction": "R",
      "thetaSDegrees": 2.60435337866219,
      "arcAngleDegrees": 31.07082157920759,
      "arcLength": 596.5169364714314,
      "chordResidual": -1.1368683772161603E-13,
      "staTs": 962.5548327669342,
      "staSc": 1062.5548208273922,
      "staCs": 1659.0717572988237,
      "staSt": 1759.0717460614069
    },
    {
      "id": 3,
      "tsIndex": 129,
      "scIndex": 160,
      "csIndex": 161,
      "stIndex": 192,
      "radius": 699.9999838665397,
      "spiralLength": 99.9999702680486,
      "a": 264.57508872584447,
      "deltaDegrees": 87.65374743961983,
      "direction": "R",
      "thetaSDegrees": 4.092554557033595,
      "arcAngleDegrees": 79.46863832555263,
      "arcLength": 970.8925512232745,
      "chordResidual": 1.1368683772161603E-13,
      "staTs": 2561.4324018368006,
      "staSc": 2661.432371798479,
      "staCs": 3632.3249230217534,
      "staSt": 3732.3248935961724
    },
    {
      "id": 4,
      "tsIndex": 193,
      "scIndex": 224,
      "csIndex": 225,
      "stIndex": 256,
      "radius": 999.9999950935136,
      "spiralLength": 99.99998561671688,
      "a": 316.2277424990861,
      "deltaDegrees": 121.58744956158138,
      "direction": "L",
      "thetaSDegrees": 2.8647885776594535,
      "arcAngleDegrees": 115.85787240626244,
      "arcLength": 2022.1013279233525,
      "chordResidual": 2.2737367544323206E-13,
      "staTs": 6332.203523576575,
      "staSc": 6432.203509264808,
      "staCs": 8454.304837188161,
      "staSt": 8554.304822733362
    }
  ]
}